<?xml version="1.0" encoding="utf-8" ?><dwsync><file name="_alert.scss" server="ftp.geolocation.mobi/beta.geolocation.mobi/" local="3591253408" remote="3594003060" Dst="-1" /><file name="_background-variant.scss" server="ftp.geolocation.mobi/beta.geolocation.mobi/" local="3591253408" remote="3594003060" Dst="-1" /><file name="_badge.scss" server="ftp.geolocation.mobi/beta.geolocation.mobi/" local="3591253408" remote="3594003060" Dst="-1" /><file name="_border-radius.scss" server="ftp.geolocation.mobi/beta.geolocation.mobi/" local="3591253408" remote="3594003060" Dst="-1" /><file name="_buttons.scss" server="ftp.geolocation.mobi/beta.geolocation.mobi/" local="3591253408" remote="3594003060" Dst="-1" /><file name="_box-shadow.scss" server="ftp.geolocation.mobi/beta.geolocation.mobi/" local="3591253408" remote="3594003060" Dst="-1" /><file name="_breakpoints.scss" server="ftp.geolocation.mobi/beta.geolocation.mobi/" local="3591253408" remote="3594003060" Dst="-1" /><file name="_caret.scss" server="ftp.geolocation.mobi/beta.geolocation.mobi/" local="3591253408" remote="3594003060" Dst="-1" /><file name="_clearfix.scss" server="ftp.geolocation.mobi/beta.geolocation.mobi/" local="3591253408" remote="3594003060" Dst="-1" /><file name="_float.scss" server="ftp.geolocation.mobi/beta.geolocation.mobi/" local="3591253408" remote="3594003060" Dst="-1" /><file name="_forms.scss" server="ftp.geolocation.mobi/beta.geolocation.mobi/" local="3591253408" remote="3594003060" Dst="-1" /><file name="_gradients.scss" server="ftp.geolocation.mobi/beta.geolocation.mobi/" local="3591253408" remote="3594003060" Dst="-1" /><file name="_grid-framework.scss" server="ftp.geolocation.mobi/beta.geolocation.mobi/" local="3591253408" remote="3594003060" Dst="-1" /><file name="_image.scss" server="ftp.geolocation.mobi/beta.geolocation.mobi/" local="3591253408" remote="3594003060" Dst="-1" /><file name="_grid.scss" server="ftp.geolocation.mobi/beta.geolocation.mobi/" local="3591253408" remote="3594003060" Dst="-1" /><file name="_hover.scss" server="ftp.geolocation.mobi/beta.geolocation.mobi/" local="3591253408" remote="3594003060" Dst="-1" /><file name="_list-group.scss" server="ftp.geolocation.mobi/beta.geolocation.mobi/" local="3591253408" remote="3594003060" Dst="-1" /><file name="_lists.scss" server="ftp.geolocation.mobi/beta.geolocation.mobi/" local="3591253408" remote="3594003060" Dst="-1" /><file name="_nav-divider.scss" server="ftp.geolocation.mobi/beta.geolocation.mobi/" local="3591253408" remote="3594003060" Dst="-1" /><file name="_navbar-align.scss" server="ftp.geolocation.mobi/beta.geolocation.mobi/" local="3591253408" remote="3594003060" Dst="-1" /><file name="_pagination.scss" server="ftp.geolocation.mobi/beta.geolocation.mobi/" local="3591253408" remote="3594003060" Dst="-1" /><file name="_reset-text.scss" server="ftp.geolocation.mobi/beta.geolocation.mobi/" local="3591253408" remote="3594003060" Dst="-1" /><file name="_resize.scss" server="ftp.geolocation.mobi/beta.geolocation.mobi/" local="3591253408" remote="3594003060" Dst="-1" /><file name="_screen-reader.scss" server="ftp.geolocation.mobi/beta.geolocation.mobi/" local="3591253408" remote="3594003060" Dst="-1" /><file name="_size.scss" server="ftp.geolocation.mobi/beta.geolocation.mobi/" local="3591253408" remote="3594003060" Dst="-1" /><file name="_table-row.scss" server="ftp.geolocation.mobi/beta.geolocation.mobi/" local="3591253408" remote="3594003060" Dst="-1" /><file name="_text-emphasis.scss" server="ftp.geolocation.mobi/beta.geolocation.mobi/" local="3591253408" remote="3594003060" Dst="-1" /><file name="_text-hide.scss" server="ftp.geolocation.mobi/beta.geolocation.mobi/" local="3591253408" remote="3594003060" Dst="-1" /><file name="_transition.scss" server="ftp.geolocation.mobi/beta.geolocation.mobi/" local="3591253408" remote="3594003120" Dst="-1" /><file name="_visibility.scss" server="ftp.geolocation.mobi/beta.geolocation.mobi/" local="3591253408" remote="3594003120" Dst="-1" /><file name="_text-truncate.scss" server="ftp.geolocation.mobi/beta.geolocation.mobi/" local="3591253408" remote="3594003120" Dst="-1" /></dwsync>